event_name,start_date,end_date,start_time,end_time,description,location,access_groups,rsvp,comments,attendance_tracking,duty_roster,ticketing,reference_id
2nd Grade NBCCC 1st XI - Pentagon vs Hola Health WSCC 1st XI,2025-10-04,2025-10-04,12:00,14:00,One Day Round 1: NBCCC 1st XI - Pentagon vs Hola Health WSCC 1st XI,Monyash Reserve,NBCCC 1st XI - Pentagon,true,true,false,false,false,
Colts T20  vs,2025-10-04,2025-10-04,,, Round 1:  vs ,,Public,true,true,false,false,false,
RJR Sports T20 Division 1  vs,2025-10-04,2025-10-04,,, Round 1:  vs ,,Public,true,true,false,false,false,
Twenty20 Div 2  vs,2025-10-04,2025-10-04,,, Round 1:  vs ,,Public,true,true,false,false,false,
Twenty20 Div 3  vs,2025-10-04,2025-10-04,,, Round 1:  vs ,,Public,true,true,false,false,false,
2nd Grade  vs,2025-10-11,2025-10-11,,, Round 2:  vs ,,Public,true,true,false,false,false,
4th Grade Kreative Property WSCC 2nd XI vs LSR SMCC 4th Grade,2025-10-11,2025-10-11,12:00,14:00,One Day Round 1: Kreative Property WSCC 2nd XI vs LSR SMCC 4th Grade,College Park West - Turf,Kreative Property WSCC 2nd XI,true,true,false,false,false,
5th Grade Nail Brewing - Bassendean CC 3rd XI vs Prestige Liquor WSCC 3rd XI,2025-10-11,2025-10-11,12:00,14:00,One Day Round 1: Nail Brewing - Bassendean CC 3rd XI vs Prestige Liquor WSCC 3rd XI,Jubilee Reserve East (Synthetic),Nail Brewing - Bassendean CC 3rd XI,true,true,false,false,false,
7th Grade LSR SMCC 4th XI vs Canaccord Genuity WSCC 4th XI,2025-10-11,2025-10-11,12:00,14:00,One Day Round 1: LSR SMCC 4th XI vs Canaccord Genuity WSCC 4th XI,Newman College - Lower (Synthetic),LSR SMCC 4th XI,true,true,false,false,false,
Colts T20 Swanbourne CC T20 Colts XII vs X Golf WSCC Colts,2025-10-12,2025-10-12,14:30,16:30,T20 Round 2: Swanbourne CC T20 Colts XII vs X Golf WSCC Colts,Allen Park Upper (Turf),Swanbourne CC T20 Colts XII,true,true,false,false,false,
RJR Sports T20 Division 1 Hola Health WSCC T20 Div 1 vs FMPCC Pirates T20 Division 1,2025-10-12,2025-10-12,10:30,12:30,T20 Round 2: Hola Health WSCC T20 Div 1 vs FMPCC Pirates T20 Division 1,College Park West - Turf,Hola Health WSCC T20 Div 1,true,true,false,false,false,
Twenty20 Div 2 Varsity WSCC T20 Div 2 vs FMPCC Pirates T20 Division 2,2025-10-12,2025-10-12,14:00,16:00,T20 Round 2: Varsity WSCC T20 Div 2 vs FMPCC Pirates T20 Division 2,College Park West - Turf,Varsity WSCC T20 Div 2,true,true,false,false,false,
Twenty20 Div 3  vs,2025-10-12,2025-10-12,,, Round 2:  vs ,,Public,true,true,false,false,false,
2nd Grade CVPCC First XI vs Hola Health WSCC 1st XI,2025-10-18,2025-10-18,12:00,14:00,One Day Round 3: CVPCC First XI vs Hola Health WSCC 1st XI,Harold Rossiter Park,CVPCC First XI,true,true,false,false,false,
4th Grade Kreative Property WSCC 2nd XI vs Octagon Lifts CVPCC Second XI,2025-10-18,2025-10-18,12:00,14:00,One Day Round 2: Kreative Property WSCC 2nd XI vs Octagon Lifts CVPCC Second XI,College Park West - Turf,Kreative Property WSCC 2nd XI,true,true,false,false,false,
5th Grade High Wycombe 3rd XI vs Prestige Liquor WSCC 3rd XI,2025-10-18,2025-10-18,12:00,14:00,One Day Round 2: High Wycombe 3rd XI vs Prestige Liquor WSCC 3rd XI,Scott Reserve 2 (Synthetic),High Wycombe 3rd XI,true,true,false,false,false,
7th Grade Canaccord Genuity WSCC 4th XI vs Ocean Ridge 3rd XI,2025-10-18,2025-10-18,12:00,14:00,One Day Round 2: Canaccord Genuity WSCC 4th XI vs Ocean Ridge 3rd XI,College Park Lower - Synthetic,Canaccord Genuity WSCC 4th XI,true,true,false,false,false,
One Day Grade 1 Bedford Morley 3rd XI (OD1 Blue) vs WSCC One Day 1's,2025-10-18,2025-10-18,12:00,14:00,One Day Round 1: Bedford Morley 3rd XI (OD1 Blue) vs WSCC One Day 1's,RA Cook Reserve North (Synthetic),Bedford Morley 3rd XI (OD1 Blue),true,true,false,false,false,
One Day Grade 2 Hola Health WSCC One Day 2's vs High Wycombe 4th XI (OD2),2025-10-18,2025-10-18,12:00,14:00,One Day Round 1: Hola Health WSCC One Day 2's vs High Wycombe 4th XI (OD2),Charles Court Reserve,Hola Health WSCC One Day 2's,true,true,false,false,false,
One Day Grade 3 WSCC One Day 3's vs Kalamunda 4th XI - OD3,2025-10-18,2025-10-18,12:00,14:00,One Day Round 1: WSCC One Day 3's vs Kalamunda 4th XI - OD3,David Cruikshank Reserve,WSCC One Day 3's,true,true,false,false,false,
One Day Grade 4 Balcatta Cats 5th XI vs WSCC One Day 4's,2025-10-18,2025-10-18,12:00,14:00,One Day Round 1: Balcatta Cats 5th XI vs WSCC One Day 4's,Des Penman Memorial South (Synthetic),Balcatta Cats 5th XI,true,true,false,false,false,
One Day Grade 5 Black NBCCC OD5 - Core Wealth vs WSCC One Day 5's,2025-10-18,2025-10-18,12:00,14:00,One Day Round 1: NBCCC OD5 - Core Wealth vs WSCC One Day 5's,Eglinton Aintree Reserve,NBCCC OD5 - Core Wealth,true,true,false,false,false,
2nd Grade Swan Valley 1st XI vs Hola Health WSCC 1st XI,2025-10-25,2025-10-25,12:30,14:30,Two Day Round 4: Swan Valley 1st XI vs Hola Health WSCC 1st XI,Kent Street SHS (Turf),Swan Valley 1st XI,true,true,false,false,false,
4th Grade Kreative Property WSCC 2nd XI vs Swan Valley 2nd XI,2025-10-25,2025-10-25,12:00,14:00,One Day Round 3: Kreative Property WSCC 2nd XI vs Swan Valley 2nd XI,College Park East - Turf,Kreative Property WSCC 2nd XI,true,true,false,false,false,
5th Grade Prestige Liquor WSCC 3rd XI vs Applecross 3rd XI,2025-10-25,2025-10-25,12:00,14:00,One Day Round 3: Prestige Liquor WSCC 3rd XI vs Applecross 3rd XI,Rosalie Park Turf (South Oval),Prestige Liquor WSCC 3rd XI,true,true,false,false,false,
7th Grade FMPCC Pirates 5th XI vs Canaccord Genuity WSCC 4th XI,2025-10-25,2025-10-25,12:00,14:00,One Day Round 3: FMPCC Pirates 5th XI vs Canaccord Genuity WSCC 4th XI,Tom Perrott Reserve,FMPCC Pirates 5th XI,true,true,false,false,false,
One Day Grade 1 NBCCC OD1 - Patties vs WSCC One Day 1's,2025-10-25,2025-10-25,12:00,14:00,One Day Round 2: NBCCC OD1 - Patties vs WSCC One Day 1's,Carine Open Space,NBCCC OD1 - Patties,true,true,false,false,false,
One Day Grade 2 Hola Health WSCC One Day 2's vs Bayswater Phyio - Bassendean CC 5th XI,2025-10-25,2025-10-25,12:00,14:00,One Day Round 2: Hola Health WSCC One Day 2's vs Bayswater Phyio - Bassendean CC 5th XI,College Park Lower - Synthetic,Hola Health WSCC One Day 2's,true,true,false,false,false,
One Day Grade 3 WSCC One Day 3's vs FMPCC Pirates 6th XI,2025-10-25,2025-10-25,12:00,14:00,One Day Round 2: WSCC One Day 3's vs FMPCC Pirates 6th XI,David Cruikshank Reserve,WSCC One Day 3's,true,true,false,false,false,
One Day Grade 4 WSCC One Day 4's vs Swan Athletic OD4,2025-10-25,2025-10-25,12:00,14:00,One Day Round 2: WSCC One Day 4's vs Swan Athletic OD4,Charles Court Reserve,WSCC One Day 4's,true,true,false,false,false,
One Day Grade 5 Black LSR SMCC 5th XI vs WSCC One Day 5's,2025-10-25,2025-10-25,12:00,14:00,One Day Round 2: LSR SMCC 5th XI vs WSCC One Day 5's,Woodlands Reserve,LSR SMCC 5th XI,true,true,false,false,false,
4th Grade Kreative Property WSCC 2nd XI vs Granex Trade Whitfords 2nd XI,2025-11-01,2025-11-01,12:30,14:30,One Day Round 4: Kreative Property WSCC 2nd XI vs Granex Trade Whitfords 2nd XI,College Park West - Turf,Kreative Property WSCC 2nd XI,true,true,false,false,false,
5th Grade MUMCC 3rd XI vs Prestige Liquor WSCC 3rd XI,2025-11-01,2025-11-01,12:30,14:30,One Day Round 4: MUMCC 3rd XI vs Prestige Liquor WSCC 3rd XI,Tompkins South West,MUMCC 3rd XI,true,true,false,false,false,
7th Grade Canaccord Genuity WSCC 4th XI vs Grill'd Midland - Bassendean CC 4th XI,2025-11-01,2025-11-01,12:30,14:30,One Day Round 4: Canaccord Genuity WSCC 4th XI vs Grill'd Midland - Bassendean CC 4th XI,Rosalie Park Turf (South Oval),Canaccord Genuity WSCC 4th XI,true,true,false,false,false,
One Day Grade 1 WSCC One Day 1's vs LSR SMCC One Day Ones,2025-11-01,2025-11-01,12:30,14:30,One Day Round 3: WSCC One Day 1's vs LSR SMCC One Day Ones,College Park Lower - Synthetic,WSCC One Day 1's,true,true,false,false,false,
One Day Grade 2 Swanbourne CC 4th XI - OD2 vs Hola Health WSCC One Day 2's,2025-11-01,2025-11-01,12:30,14:30,One Day Round 3: Swanbourne CC 4th XI - OD2 vs Hola Health WSCC One Day 2's,Mount Claremont Oval,Swanbourne CC 4th XI - OD2,true,true,false,false,false,
One Day Grade 3 High Wycombe 5th XI (OD3) vs WSCC One Day 3's,2025-11-01,2025-11-01,12:30,14:30,One Day Round 3: High Wycombe 5th XI (OD3) vs WSCC One Day 3's,Scott Reserve 3 (Synthetic),High Wycombe 5th XI (OD3),true,true,false,false,false,
One Day Grade 4 FMPCC Pirates 7th XI vs WSCC One Day 4's,2025-11-01,2025-11-01,12:30,14:30,One Day Round 3: FMPCC Pirates 7th XI vs WSCC One Day 4's,Tom Perrott Reserve,FMPCC Pirates 7th XI,true,true,false,false,false,
One Day Grade 5 Black WSCC One Day 5's vs MUMCC 6th XI,2025-11-01,2025-11-01,12:30,14:30,One Day Round 3: WSCC One Day 5's vs MUMCC 6th XI,David Cruikshank Reserve,WSCC One Day 5's,true,true,false,false,false,
Colts T20  vs,2025-11-02,2025-11-02,,, Round 3:  vs ,,Public,true,true,false,false,false,
RJR Sports T20 Division 1 Swanbourne CC T20 Div 1 vs Hola Health WSCC T20 Div 1,2025-11-02,2025-11-02,14:00,16:00,T20 Round 4: Swanbourne CC T20 Div 1 vs Hola Health WSCC T20 Div 1,Allen Park Upper (Turf),Swanbourne CC T20 Div 1,true,true,false,false,false,
RJR Sports T20 Division 1  vs,2025-11-02,2025-11-02,,, Round 3:  vs ,,Public,true,true,false,false,false,
Twenty20 Div 2 Swanbourne CC T20 Div 2 vs Varsity WSCC T20 Div 2,2025-11-02,2025-11-02,10:30,12:30,T20 Round 3: Swanbourne CC T20 Div 2 vs Varsity WSCC T20 Div 2,Allen Park Upper (Turf),Swanbourne CC T20 Div 2,true,true,false,false,false,
Twenty20 Div 3 Wembley Districts T20 Div 3 vs Prestige Liquor WSCC T20 Div 3,2025-11-02,2025-11-02,14:00,16:00,T20 Round 3: Wembley Districts T20 Div 3 vs Prestige Liquor WSCC T20 Div 3,Pat Goodridge Reserve (Turf),Wembley Districts T20 Div 3,true,true,false,false,false,
2nd Grade Hola Health WSCC 1st XI vs Ocean Ridge 1st XI,2025-11-08,2025-11-08,13:00,15:00,Two Day Round 5: Hola Health WSCC 1st XI vs Ocean Ridge 1st XI,College Park West - Turf,Hola Health WSCC 1st XI,true,true,false,false,false,
4th Grade Ocean Ridge 2nd XI vs Kreative Property WSCC 2nd XI,2025-11-08,2025-11-08,13:00,15:00,Two Day Round 5: Ocean Ridge 2nd XI vs Kreative Property WSCC 2nd XI,Flinders Park,Ocean Ridge 2nd XI,true,true,false,false,false,
5th Grade NBCCC 3rd XI - Knight Financial Advisors vs Prestige Liquor WSCC 3rd XI,2025-11-08,2025-11-08,13:00,15:00,Two Day Round 5: NBCCC 3rd XI - Knight Financial Advisors vs Prestige Liquor WSCC 3rd XI,Carine Open Space,NBCCC 3rd XI - Knight Financial Advisors,true,true,false,false,false,
7th Grade Canaccord Genuity WSCC 4th XI vs Applecross 5th XI,2025-11-08,2025-11-08,13:00,15:00,Two Day Round 5: Canaccord Genuity WSCC 4th XI vs Applecross 5th XI,Rosalie Park Turf (South Oval),Canaccord Genuity WSCC 4th XI,true,true,false,false,false,
One Day Grade 1 Wembley Districts 4th XI vs WSCC One Day 1's,2025-11-08,2025-11-08,12:30,14:30,One Day Round 4: Wembley Districts 4th XI vs WSCC One Day 1's,Wembley Sports Park (Synthetic),Wembley Districts 4th XI,true,true,false,false,false,
One Day Grade 2 Hola Health WSCC One Day 2's vs NBCCC OD2 - 1 Solution Finance,2025-11-08,2025-11-08,12:30,14:30,One Day Round 4: Hola Health WSCC One Day 2's vs NBCCC OD2 - 1 Solution Finance,Charles Court Reserve,Hola Health WSCC One Day 2's,true,true,false,false,false,
One Day Grade 3 North Perth 3rd XI vs WSCC One Day 3's,2025-11-08,2025-11-08,12:30,14:30,One Day Round 4: North Perth 3rd XI vs WSCC One Day 3's,Charles Veryard - East,North Perth 3rd XI,true,true,false,false,false,
One Day Grade 4 WSCC One Day 4's vs MJH Airconditioning Bentley 4th XI,2025-11-08,2025-11-08,12:30,14:30,One Day Round 4: WSCC One Day 4's vs MJH Airconditioning Bentley 4th XI,David Cruikshank Reserve,WSCC One Day 4's,true,true,false,false,false,
One Day Grade 5 Black WSCC One Day 5's vs Ocean Ridge 4th XI,2025-11-08,2025-11-08,12:30,14:30,One Day Round 4: WSCC One Day 5's vs Ocean Ridge 4th XI,College Park Lower - Synthetic,WSCC One Day 5's,true,true,false,false,false,
One Day Grade 1 Bedford Morley 4th XI (OD1 Gold) vs WSCC One Day 1's,2025-11-15,2025-11-15,12:30,14:30,One Day Round 5: Bedford Morley 4th XI (OD1 Gold) vs WSCC One Day 1's,Waltham Reserve (Turf),Bedford Morley 4th XI (OD1 Gold),true,true,false,false,false,
One Day Grade 2 Hola Health WSCC One Day 2's vs Bedford Morley 5th XI (OD2),2025-11-15,2025-11-15,12:30,14:30,One Day Round 5: Hola Health WSCC One Day 2's vs Bedford Morley 5th XI (OD2),College Park Lower - Synthetic,Hola Health WSCC One Day 2's,true,true,false,false,false,
One Day Grade 3 LSR SMCC One Day Threes vs WSCC One Day 3's,2025-11-15,2025-11-15,12:30,14:30,One Day Round 5: LSR SMCC One Day Threes vs WSCC One Day 3's,Woodlands Reserve,LSR SMCC One Day Threes,true,true,false,false,false,
One Day Grade 4 WSCC One Day 4's vs SPSTCC 4th XI,2025-11-15,2025-11-15,12:30,14:30,One Day Round 5: WSCC One Day 4's vs SPSTCC 4th XI,David Cruikshank Reserve,WSCC One Day 4's,true,true,false,false,false,
One Day Grade 5 Black Bentley 5th XI vs WSCC One Day 5's,2025-11-15,2025-11-15,12:30,14:30,One Day Round 5: Bentley 5th XI vs WSCC One Day 5's,Centenary Park South-East,Bentley 5th XI,true,true,false,false,false,
Colts T20 X Golf WSCC Colts vs SMCC T20 Colts (U21),2025-11-16,2025-11-16,10:30,12:30,T20 Round 4: X Golf WSCC Colts vs SMCC T20 Colts (U21),College Park West - Turf,X Golf WSCC Colts,true,true,false,false,false,
RJR Sports T20 Division 1 Swan Athletic Div 1 T20 vs Hola Health WSCC T20 Div 1,2025-11-16,2025-11-16,12:00,14:00,T20 Round 5: Swan Athletic Div 1 T20 vs Hola Health WSCC T20 Div 1,Lilac Hill 3,Swan Athletic Div 1 T20,true,true,false,false,false,
Twenty20 Div 2 SMCC T20 Div 2 vs Varsity WSCC T20 Div 2,2025-11-16,2025-11-16,14:00,16:00,T20 Round 5: SMCC T20 Div 2 vs Varsity WSCC T20 Div 2,Newman College - John Lucas Oval (Turf),SMCC T20 Div 2,true,true,false,false,false,
Twenty20 Div 2  vs,2025-11-16,2025-11-16,,, Round 4:  vs ,,Public,true,true,false,false,false,
Twenty20 Div 3 Prestige Liquor WSCC T20 Div 3 vs MUMCC T20 Div 3,2025-11-16,2025-11-16,14:00,16:00,T20 Round 4: Prestige Liquor WSCC T20 Div 3 vs MUMCC T20 Div 3,College Park West - Turf,Prestige Liquor WSCC T20 Div 3,true,true,false,false,false,
2nd Grade  vs,2025-11-29,2025-11-29,,, Round 6:  vs ,,Public,true,true,false,false,false,
4th Grade Kreative Property WSCC 2nd XI vs LSR SMCC 4th Grade,2025-11-29,2025-11-29,13:00,15:00,Two Day Round 6: Kreative Property WSCC 2nd XI vs LSR SMCC 4th Grade,College Park West - Turf,Kreative Property WSCC 2nd XI,true,true,false,false,false,
5th Grade Prestige Liquor WSCC 3rd XI vs Nail Brewing - Bassendean CC 3rd XI,2025-11-29,2025-11-29,13:00,15:00,Two Day Round 6: Prestige Liquor WSCC 3rd XI vs Nail Brewing - Bassendean CC 3rd XI,Rosalie Park Turf (South Oval),Prestige Liquor WSCC 3rd XI,true,true,false,false,false,
7th Grade Ocean Ridge 3rd XI vs Canaccord Genuity WSCC 4th XI,2025-11-29,2025-11-29,13:00,15:00,Two Day Round 6: Ocean Ridge 3rd XI vs Canaccord Genuity WSCC 4th XI,Belridge Secondary College,Ocean Ridge 3rd XI,true,true,false,false,false,
One Day Grade 1 WSCC One Day 1's vs FMPCC Pirates 3rd XI,2025-11-29,2025-11-29,12:30,14:30,One Day Round 6: WSCC One Day 1's vs FMPCC Pirates 3rd XI,College Park Lower - Synthetic,WSCC One Day 1's,true,true,false,false,false,
One Day Grade 2 CVPCC Fourth XI vs Hola Health WSCC One Day 2's,2025-11-29,2025-11-29,12:30,14:30,One Day Round 6: CVPCC Fourth XI vs Hola Health WSCC One Day 2's,Fraser Park,CVPCC Fourth XI,true,true,false,false,false,
One Day Grade 3 WSCC One Day 3's vs Swanbourne CC 5th XI,2025-11-29,2025-11-29,12:30,14:30,One Day Round 6: WSCC One Day 3's vs Swanbourne CC 5th XI,David Cruikshank Reserve,WSCC One Day 3's,true,true,false,false,false,
One Day Grade 4 NBCCC OD4 - Nice n Fresh vs WSCC One Day 4's,2025-11-29,2025-11-29,12:30,14:30,One Day Round 6: NBCCC OD4 - Nice n Fresh vs WSCC One Day 4's,Eglinton Aintree Reserve,NBCCC OD4 - Nice n Fresh,true,true,false,false,false,
One Day Grade 5 Black WSCC One Day 5's vs FMPCC Pirates 8th XI,2025-11-29,2025-11-29,12:30,14:30,One Day Round 6: WSCC One Day 5's vs FMPCC Pirates 8th XI,Charles Court Reserve,WSCC One Day 5's,true,true,false,false,false,
One Day Grade 1 Granex Trade Whitfords 4th XI - ODC 1 vs WSCC One Day 1's,2025-12-06,2025-12-06,12:30,14:30,One Day Round 7: Granex Trade Whitfords 4th XI - ODC 1 vs WSCC One Day 1's,Macdonald Park North Oval â€“ Synthetic,Granex Trade Whitfords 4th XI - ODC 1,true,true,false,false,false,
One Day Grade 2 Hola Health WSCC One Day 2's vs Swan Valley 3rd XI OD2,2025-12-06,2025-12-06,12:30,14:30,One Day Round 7: Hola Health WSCC One Day 2's vs Swan Valley 3rd XI OD2,College Park Lower - Synthetic,Hola Health WSCC One Day 2's,true,true,false,false,false,
One Day Grade 3 WSCC One Day 3's vs NBCCC OD3,2025-12-06,2025-12-06,12:30,14:30,One Day Round 7: WSCC One Day 3's vs NBCCC OD3,David Cruikshank Reserve,WSCC One Day 3's,true,true,false,false,false,
One Day Grade 4 CVPCC Fifth XI vs WSCC One Day 4's,2025-12-06,2025-12-06,12:30,14:30,One Day Round 7: CVPCC Fifth XI vs WSCC One Day 4's,Raphael Park 3 (North),CVPCC Fifth XI,true,true,false,false,false,
One Day Grade 5 Black WSCC One Day 5's vs Wembley Districts 5th XI,2025-12-06,2025-12-06,12:30,14:30,One Day Round 7: WSCC One Day 5's vs Wembley Districts 5th XI,Rosalie Park Synthetic (North Oval),WSCC One Day 5's,true,true,false,false,false,
Colts T20 X Golf WSCC Colts vs MUMCC Colts,2025-12-07,2025-12-07,10:30,12:30,T20 Round 5: X Golf WSCC Colts vs MUMCC Colts,College Park West - Turf,X Golf WSCC Colts,true,true,false,false,false,
Twenty20 Div 2 Varsity WSCC T20 Div 2 vs North Perth T20 Div 2,2025-12-07,2025-12-07,14:00,16:00,T20 Round 6: Varsity WSCC T20 Div 2 vs North Perth T20 Div 2,College Park West - Turf,Varsity WSCC T20 Div 2,true,true,false,false,false,
Twenty20 Div 3 NBCCC Div 3 T20 vs Prestige Liquor WSCC T20 Div 3,2025-12-07,2025-12-07,14:00,16:00,T20 Round 5: NBCCC Div 3 T20 vs Prestige Liquor WSCC T20 Div 3,Monyash Reserve,NBCCC Div 3 T20,true,true,false,false,false,
2nd Grade Hola Health WSCC 1st XI vs Kalamunda 1st XI,2025-12-13,2025-12-13,12:30,14:30,One Day Round 7: Hola Health WSCC 1st XI vs Kalamunda 1st XI,College Park West - Turf,Hola Health WSCC 1st XI,true,true,false,false,false,
4th Grade NBCCC 2nd XI - Westoz vs Kreative Property WSCC 2nd XI,2025-12-13,2025-12-13,12:30,14:30,One Day Round 7: NBCCC 2nd XI - Westoz vs Kreative Property WSCC 2nd XI,Monyash Reserve,NBCCC 2nd XI - Westoz,true,true,false,false,false,
5th Grade Prestige Liquor WSCC 3rd XI vs Balcatta Cats 3rd XI,2025-12-13,2025-12-13,12:30,14:30,One Day Round 7: Prestige Liquor WSCC 3rd XI vs Balcatta Cats 3rd XI,Rosalie Park Turf (South Oval),Prestige Liquor WSCC 3rd XI,true,true,false,false,false,
7th Grade MUMCC 5th XI vs Canaccord Genuity WSCC 4th XI,2025-12-13,2025-12-13,12:30,14:30,One Day Round 7: MUMCC 5th XI vs Canaccord Genuity WSCC 4th XI,Tompkins South West,MUMCC 5th XI,true,true,false,false,false,
One Day Grade 1 WSCC One Day 1's vs Bedford Morley 3rd XI (OD1 Blue),2025-12-13,2025-12-13,12:30,14:30,One Day Round 8: WSCC One Day 1's vs Bedford Morley 3rd XI (OD1 Blue),College Park Lower - Synthetic,WSCC One Day 1's,true,true,false,false,false,
One Day Grade 2 Kalamunda 3rd XI - OD2 vs Hola Health WSCC One Day 2's,2025-12-13,2025-12-13,12:30,14:30,One Day Round 8: Kalamunda 3rd XI - OD2 vs Hola Health WSCC One Day 2's,Kostera Oval North (Synthetic),Kalamunda 3rd XI - OD2,true,true,false,false,false,
One Day Grade 3 MUMCC 4th XI vs WSCC One Day 3's,2025-12-13,2025-12-13,12:30,14:30,One Day Round 8: MUMCC 4th XI vs WSCC One Day 3's,Tompkins South East,MUMCC 4th XI,true,true,false,false,false,
One Day Grade 4 WSCC One Day 4's vs Ross Realty - Bassendean CC 6th XI,2025-12-13,2025-12-13,12:30,14:30,One Day Round 8: WSCC One Day 4's vs Ross Realty - Bassendean CC 6th XI,David Cruikshank Reserve,WSCC One Day 4's,true,true,false,false,false,
One Day Grade 5 Black WSCC One Day 5's vs North Perth 4th XI,2025-12-13,2025-12-13,12:30,14:30,One Day Round 8: WSCC One Day 5's vs North Perth 4th XI,Rosalie Park Synthetic (North Oval),WSCC One Day 5's,true,true,false,false,false,
Colts T20 Swan Ath U21 COLTS T20 vs X Golf WSCC Colts,2025-12-14,2025-12-14,12:00,14:00,T20 Round 6: Swan Ath U21 COLTS T20 vs X Golf WSCC Colts,Lilac Hill 3,Swan Ath U21 COLTS T20,true,true,false,false,false,
Colts T20  vs,2025-12-14,2025-12-14,,, Round 7:  vs ,,Public,true,true,false,false,false,
RJR Sports T20 Division 1 Hola Health WSCC T20 Div 1 vs North Perth Garage Force T20 Div 1,2025-12-14,2025-12-14,10:30,12:30,T20 Round 6: Hola Health WSCC T20 Div 1 vs North Perth Garage Force T20 Div 1,College Park West - Turf,Hola Health WSCC T20 Div 1,true,true,false,false,false,
RJR Sports T20 Division 1  vs,2025-12-14,2025-12-14,,, Round 7:  vs ,,Public,true,true,false,false,false,
Twenty20 Div 2  vs,2025-12-14,2025-12-14,,, Round 7:  vs ,,Public,true,true,false,false,false,
Twenty20 Div 3 Prestige Liquor WSCC T20 Div 3 vs Nail Brewing - Bassendean CC T20 Div 3,2025-12-14,2025-12-14,14:00,16:00,T20 Round 6: Prestige Liquor WSCC T20 Div 3 vs Nail Brewing - Bassendean CC T20 Div 3,College Park West - Turf,Prestige Liquor WSCC T20 Div 3,true,true,false,false,false,
2nd Grade Hola Health WSCC 1st XI vs Granex Trade Whitfords 1st XI,2025-12-20,2025-12-20,12:30,14:30,One Day Round 8: Hola Health WSCC 1st XI vs Granex Trade Whitfords 1st XI,College Park West - Turf,Hola Health WSCC 1st XI,true,true,false,false,false,
2nd Grade Bentley 1st XI vs Hola Health WSCC 1st XI,2026-01-10,2026-01-10,12:30,14:30,One Day Round 9: Bentley 1st XI vs Hola Health WSCC 1st XI,Wyong park,Bentley 1st XI,true,true,false,false,false,
4th Grade Kreative Property WSCC 2nd XI vs Bentley 2nd XI,2026-01-10,2026-01-10,12:30,14:30,One Day Round 8: Kreative Property WSCC 2nd XI vs Bentley 2nd XI,College Park West - Turf,Kreative Property WSCC 2nd XI,true,true,false,false,false,
5th Grade Wembley Districts 3rd XI vs Prestige Liquor WSCC 3rd XI,2026-01-10,2026-01-10,12:30,14:30,One Day Round 8: Wembley Districts 3rd XI vs Prestige Liquor WSCC 3rd XI,Wembley Sports Park (Synthetic),Wembley Districts 3rd XI,true,true,false,false,false,
7th Grade Canaccord Genuity WSCC 4th XI vs SPSTCC 3rd XI,2026-01-10,2026-01-10,12:30,14:30,One Day Round 8: Canaccord Genuity WSCC 4th XI vs SPSTCC 3rd XI,Rosalie Park Turf (South Oval),Canaccord Genuity WSCC 4th XI,true,true,false,false,false,
One Day Grade 1 WSCC One Day 1's vs LSR SMCC One Day Ones,2026-01-10,2026-01-10,12:30,14:30,One Day Round 9: WSCC One Day 1's vs LSR SMCC One Day Ones,College Park Lower - Synthetic,WSCC One Day 1's,true,true,false,false,false,
One Day Grade 2 Applecross 7th XI vs Hola Health WSCC One Day 2's,2026-01-10,2026-01-10,12:30,14:30,One Day Round 9: Applecross 7th XI vs Hola Health WSCC One Day 2's,Troy Park,Applecross 7th XI,true,true,false,false,false,
One Day Grade 3 WSCC One Day 3's vs SPSTCC 5th XI,2026-01-10,2026-01-10,12:30,14:30,One Day Round 9: WSCC One Day 3's vs SPSTCC 5th XI,David Cruikshank Reserve,WSCC One Day 3's,true,true,false,false,false,
One Day Grade 4 Swan Athletic OD4 vs WSCC One Day 4's,2026-01-10,2026-01-10,12:30,14:30,One Day Round 9: Swan Athletic OD4 vs WSCC One Day 4's,Lilac Hill 4,Swan Athletic OD4,true,true,false,false,false,
One Day Grade 5 Black WSCC One Day 5's vs NBCCC OD5 - Core Wealth,2026-01-10,2026-01-10,12:30,14:30,One Day Round 9: WSCC One Day 5's vs NBCCC OD5 - Core Wealth,Rosalie Park Synthetic (North Oval),WSCC One Day 5's,true,true,false,false,false,
2nd Grade Hola Health WSCC 1st XI vs NBCCC 1st XI - Pentagon,2026-01-17,2026-01-17,13:00,15:00,Two Day Round 10: Hola Health WSCC 1st XI vs NBCCC 1st XI - Pentagon,College Park West - Turf,Hola Health WSCC 1st XI,true,true,false,false,false,
4th Grade SPSTCC 2nd XI vs Kreative Property WSCC 2nd XI,2026-01-17,2026-01-17,13:00,15:00,Two Day Round 9: SPSTCC 2nd XI vs Kreative Property WSCC 2nd XI,Ernest Johnson Oval,SPSTCC 2nd XI,true,true,false,false,false,
5th Grade Prestige Liquor WSCC 3rd XI vs MUMCC 3rd XI,2026-01-17,2026-01-17,13:00,15:00,Two Day Round 9: Prestige Liquor WSCC 3rd XI vs MUMCC 3rd XI,Rosalie Park Turf (South Oval),Prestige Liquor WSCC 3rd XI,true,true,false,false,false,
7th Grade Grill'd Midland - Bassendean CC 4th XI vs Canaccord Genuity WSCC 4th XI,2026-01-17,2026-01-17,13:00,15:00,Two Day Round 9: Grill'd Midland - Bassendean CC 4th XI vs Canaccord Genuity WSCC 4th XI,Jubilee Reserve North (Synthetic),Grill'd Midland - Bassendean CC 4th XI,true,true,false,false,false,
One Day Grade 1 WSCC One Day 1's vs NBCCC OD1 - Patties,2026-01-17,2026-01-17,12:30,14:30,One Day Round 10: WSCC One Day 1's vs NBCCC OD1 - Patties,College Park Lower - Synthetic,WSCC One Day 1's,true,true,false,false,false,
One Day Grade 2 Bayswater Phyio - Bassendean CC 5th XI vs Hola Health WSCC One Day 2's,2026-01-17,2026-01-17,12:30,14:30,One Day Round 10: Bayswater Phyio - Bassendean CC 5th XI vs Hola Health WSCC One Day 2's,Ashfield Reserve,Bayswater Phyio - Bassendean CC 5th XI,true,true,false,false,false,
One Day Grade 3 Kalamunda 4th XI - OD3 vs WSCC One Day 3's,2026-01-17,2026-01-17,12:30,14:30,One Day Round 10: Kalamunda 4th XI - OD3 vs WSCC One Day 3's,Kostera Oval North (Synthetic),Kalamunda 4th XI - OD3,true,true,false,false,false,
One Day Grade 4 Applecross 6th XI vs WSCC One Day 4's,2026-01-17,2026-01-17,12:30,14:30,One Day Round 10: Applecross 6th XI vs WSCC One Day 4's,Shirley Strickland - Main Oval,Applecross 6th XI,true,true,false,false,false,
One Day Grade 5 Black Ocean Ridge 4th XI vs WSCC One Day 5's,2026-01-17,2026-01-17,12:30,14:30,One Day Round 10: Ocean Ridge 4th XI vs WSCC One Day 5's,Heathridge Park,Ocean Ridge 4th XI,true,true,false,false,false,
One Day Grade 1 FMPCC Pirates 3rd XI vs WSCC One Day 1's,2026-01-24,2026-01-24,12:30,14:30,One Day Round 11: FMPCC Pirates 3rd XI vs WSCC One Day 1's,Gil Fraser - Synthetic,FMPCC Pirates 3rd XI,true,true,false,false,false,
One Day Grade 2 Hola Health WSCC One Day 2's vs CVPCC Fourth XI,2026-01-24,2026-01-24,12:30,14:30,One Day Round 11: Hola Health WSCC One Day 2's vs CVPCC Fourth XI,College Park Lower - Synthetic,Hola Health WSCC One Day 2's,true,true,false,false,false,
One Day Grade 3 Swanbourne CC 5th XI vs WSCC One Day 3's,2026-01-24,2026-01-24,12:30,14:30,One Day Round 11: Swanbourne CC 5th XI vs WSCC One Day 3's,Allen Park Lower (Synthetic),Swanbourne CC 5th XI,true,true,false,false,false,
One Day Grade 4 SPSTCC 4th XI vs WSCC One Day 4's,2026-01-24,2026-01-24,12:30,14:30,One Day Round 11: SPSTCC 4th XI vs WSCC One Day 4's,Challenger Reserve,SPSTCC 4th XI,true,true,false,false,false,
One Day Grade 5 Black WSCC One Day 5's vs Applecross 8th XI,2026-01-24,2026-01-24,12:30,14:30,One Day Round 11: WSCC One Day 5's vs Applecross 8th XI,David Cruikshank Reserve,WSCC One Day 5's,true,true,false,false,false,
2nd Grade SPSTCC 1st XI vs Hola Health WSCC 1st XI,2026-01-31,2026-01-31,13:00,15:00,Two Day Round 11: SPSTCC 1st XI vs Hola Health WSCC 1st XI,Ernest Johnson Oval,SPSTCC 1st XI,true,true,false,false,false,
4th Grade Kreative Property WSCC 2nd XI vs Kalamunda 2nd XI,2026-01-31,2026-01-31,13:00,15:00,Two Day Round 10: Kreative Property WSCC 2nd XI vs Kalamunda 2nd XI,College Park West - Turf,Kreative Property WSCC 2nd XI,true,true,false,false,false,
5th Grade Applecross 3rd XI vs Prestige Liquor WSCC 3rd XI,2026-01-31,2026-01-31,13:00,15:00,Two Day Round 10: Applecross 3rd XI vs Prestige Liquor WSCC 3rd XI,Shirley Strickland - Main Oval,Applecross 3rd XI,true,true,false,false,false,
7th Grade Canaccord Genuity WSCC 4th XI vs LSR SMCC 4th XI,2026-01-31,2026-01-31,13:00,15:00,Two Day Round 10: Canaccord Genuity WSCC 4th XI vs LSR SMCC 4th XI,Rosalie Park Turf (South Oval),Canaccord Genuity WSCC 4th XI,true,true,false,false,false,
One Day Grade 1 WSCC One Day 1's vs Bedford Morley 4th XI (OD1 Gold),2026-01-31,2026-01-31,12:30,14:30,One Day Round 12: WSCC One Day 1's vs Bedford Morley 4th XI (OD1 Gold),College Park Lower - Synthetic,WSCC One Day 1's,true,true,false,false,false,
One Day Grade 2 NBCCC OD2 - 1 Solution Finance vs Hola Health WSCC One Day 2's,2026-01-31,2026-01-31,12:30,14:30,One Day Round 12: NBCCC OD2 - 1 Solution Finance vs Hola Health WSCC One Day 2's,Charles Riley Memorial 1 - Lower,NBCCC OD2 - 1 Solution Finance,true,true,false,false,false,
One Day Grade 3 FMPCC Pirates 6th XI vs WSCC One Day 3's,2026-01-31,2026-01-31,12:30,14:30,One Day Round 12: FMPCC Pirates 6th XI vs WSCC One Day 3's,Bruce Lee Oval,FMPCC Pirates 6th XI,true,true,false,false,false,
One Day Grade 4 WSCC One Day 4's vs CVPCC Fifth XI,2026-01-31,2026-01-31,12:30,14:30,One Day Round 12: WSCC One Day 4's vs CVPCC Fifth XI,David Cruikshank Reserve,WSCC One Day 4's,true,true,false,false,false,
One Day Grade 5 Black WSCC One Day 5's vs FMPCC Pirates 8th XI,2026-01-31,2026-01-31,12:30,14:30,One Day Round 12: WSCC One Day 5's vs FMPCC Pirates 8th XI,Rosalie Park Synthetic (North Oval),WSCC One Day 5's,true,true,false,false,false,
One Day Grade 1 WSCC One Day 1's vs Wembley Districts 4th XI,2026-02-07,2026-02-07,12:30,14:30,One Day Round 13: WSCC One Day 1's vs Wembley Districts 4th XI,College Park Lower - Synthetic,WSCC One Day 1's,true,true,false,false,false,
One Day Grade 2 Bedford Morley 5th XI (OD2) vs Hola Health WSCC One Day 2's,2026-02-07,2026-02-07,12:30,14:30,One Day Round 13: Bedford Morley 5th XI (OD2) vs Hola Health WSCC One Day 2's,Waltham Reserve (Turf),Bedford Morley 5th XI (OD2),true,true,false,false,false,
One Day Grade 3 WSCC One Day 3's vs LSR SMCC One Day Threes,2026-02-07,2026-02-07,12:30,14:30,One Day Round 13: WSCC One Day 3's vs LSR SMCC One Day Threes,David Cruikshank Reserve,WSCC One Day 3's,true,true,false,false,false,
One Day Grade 4 MJH Airconditioning Bentley 4th XI vs WSCC One Day 4's,2026-02-07,2026-02-07,12:30,14:30,One Day Round 13: MJH Airconditioning Bentley 4th XI vs WSCC One Day 4's,Centenary Park South-East,MJH Airconditioning Bentley 4th XI,true,true,false,false,false,
One Day Grade 5 Black WSCC One Day 5's vs Bentley 5th XI,2026-02-07,2026-02-07,12:30,14:30,One Day Round 13: WSCC One Day 5's vs Bentley 5th XI,Rosalie Park Synthetic (North Oval),WSCC One Day 5's,true,true,false,false,false,
2nd Grade Bedford Morley 1st XI vs Hola Health WSCC 1st XI,2026-02-14,2026-02-14,13:00,15:00,Two Day Round 12: Bedford Morley 1st XI vs Hola Health WSCC 1st XI,RA Cook Reserve (Turf),Bedford Morley 1st XI,true,true,false,false,false,
4th Grade Kreative Property WSCC 2nd XI vs Bedford Morley 2nd XI,2026-02-14,2026-02-14,13:00,15:00,Two Day Round 11: Kreative Property WSCC 2nd XI vs Bedford Morley 2nd XI,College Park West - Turf,Kreative Property WSCC 2nd XI,true,true,false,false,false,
5th Grade Balcatta Cats 3rd XI vs Prestige Liquor WSCC 3rd XI,2026-02-14,2026-02-14,13:00,15:00,Two Day Round 11: Balcatta Cats 3rd XI vs Prestige Liquor WSCC 3rd XI,Des Penman Memorial (Turf),Balcatta Cats 3rd XI,true,true,false,false,false,
7th Grade Canaccord Genuity WSCC 4th XI vs FMPCC Pirates 5th XI,2026-02-14,2026-02-14,13:00,15:00,Two Day Round 11: Canaccord Genuity WSCC 4th XI vs FMPCC Pirates 5th XI,Rosalie Park Turf (South Oval),Canaccord Genuity WSCC 4th XI,true,true,false,false,false,
One Day Grade 1 WSCC One Day 1's vs Granex Trade Whitfords 4th XI - ODC 1,2026-02-14,2026-02-14,12:30,14:30,One Day Round 14: WSCC One Day 1's vs Granex Trade Whitfords 4th XI - ODC 1,College Park Lower - Synthetic,WSCC One Day 1's,true,true,false,false,false,
One Day Grade 2 Swan Valley 3rd XI OD2 vs Hola Health WSCC One Day 2's,2026-02-14,2026-02-14,12:30,14:30,One Day Round 14: Swan Valley 3rd XI OD2 vs Hola Health WSCC One Day 2's,Baskerville Oval,Swan Valley 3rd XI OD2,true,true,false,false,false,
One Day Grade 3 WSCC One Day 3's vs High Wycombe 5th XI (OD3),2026-02-14,2026-02-14,12:30,14:30,One Day Round 14: WSCC One Day 3's vs High Wycombe 5th XI (OD3),Rosalie Park Synthetic (North Oval),WSCC One Day 3's,true,true,false,false,false,
One Day Grade 4 WSCC One Day 4's vs NBCCC OD4 - Nice n Fresh,2026-02-14,2026-02-14,12:30,14:30,One Day Round 14: WSCC One Day 4's vs NBCCC OD4 - Nice n Fresh,David Cruikshank Reserve,WSCC One Day 4's,true,true,false,false,false,
One Day Grade 5 Black Wembley Districts 5th XI vs WSCC One Day 5's,2026-02-14,2026-02-14,12:30,14:30,One Day Round 14: Wembley Districts 5th XI vs WSCC One Day 5's,McLean park,Wembley Districts 5th XI,true,true,false,false,false,
One Day Grade 1 NBCCC OD1 - Patties vs WSCC One Day 1's,2026-02-21,2026-02-21,12:30,14:30,One Day Round 15: NBCCC OD1 - Patties vs WSCC One Day 1's,Carine Open Space,NBCCC OD1 - Patties,true,true,false,false,false,
One Day Grade 2 Hola Health WSCC One Day 2's vs Swanbourne CC 4th XI - OD2,2026-02-21,2026-02-21,12:30,14:30,One Day Round 15: Hola Health WSCC One Day 2's vs Swanbourne CC 4th XI - OD2,College Park Lower - Synthetic,Hola Health WSCC One Day 2's,true,true,false,false,false,
One Day Grade 3 WSCC One Day 3's vs North Perth 3rd XI,2026-02-21,2026-02-21,12:30,14:30,One Day Round 15: WSCC One Day 3's vs North Perth 3rd XI,David Cruikshank Reserve,WSCC One Day 3's,true,true,false,false,false,
One Day Grade 4 Ross Realty - Bassendean CC 6th XI vs WSCC One Day 4's,2026-02-21,2026-02-21,12:30,14:30,One Day Round 15: Ross Realty - Bassendean CC 6th XI vs WSCC One Day 4's,Ashfield Reserve,Ross Realty - Bassendean CC 6th XI,true,true,false,false,false,
One Day Grade 5 Black North Perth 4th XI vs WSCC One Day 5's,2026-02-21,2026-02-21,12:30,14:30,One Day Round 15: North Perth 4th XI vs WSCC One Day 5's,Charles Veryard - East,North Perth 4th XI,true,true,false,false,false,
2nd Grade Hola Health WSCC 1st XI vs Bentley 1st XI,2026-02-28,2026-02-28,13:00,15:00,Two Day Round 13: Hola Health WSCC 1st XI vs Bentley 1st XI,College Park West - Turf,Hola Health WSCC 1st XI,true,true,false,false,false,
4th Grade Bentley 2nd XI vs Kreative Property WSCC 2nd XI,2026-02-28,2026-02-28,13:00,15:00,Two Day Round 12: Bentley 2nd XI vs Kreative Property WSCC 2nd XI,Wyong park,Bentley 2nd XI,true,true,false,false,false,
5th Grade Prestige Liquor WSCC 3rd XI vs High Wycombe 3rd XI,2026-02-28,2026-02-28,13:00,15:00,Two Day Round 12: Prestige Liquor WSCC 3rd XI vs High Wycombe 3rd XI,Rosalie Park Turf (South Oval),Prestige Liquor WSCC 3rd XI,true,true,false,false,false,
7th Grade SPSTCC 3rd XI vs Canaccord Genuity WSCC 4th XI,2026-02-28,2026-02-28,13:00,15:00,Two Day Round 12: SPSTCC 3rd XI vs Canaccord Genuity WSCC 4th XI,James Miller Oval,SPSTCC 3rd XI,true,true,false,false,false,
One Day Grade 1 Bedford Morley 3rd XI (OD1 Blue) vs WSCC One Day 1's,2026-02-28,2026-02-28,12:30,14:30,One Day Round 16: Bedford Morley 3rd XI (OD1 Blue) vs WSCC One Day 1's,Waltham Reserve (Turf),Bedford Morley 3rd XI (OD1 Blue),true,true,false,false,false,
One Day Grade 2 Hola Health WSCC One Day 2's vs Kalamunda 3rd XI - OD2,2026-02-28,2026-02-28,12:30,14:30,One Day Round 16: Hola Health WSCC One Day 2's vs Kalamunda 3rd XI - OD2,College Park Lower - Synthetic,Hola Health WSCC One Day 2's,true,true,false,false,false,
One Day Grade 3 NBCCC OD3 vs WSCC One Day 3's,2026-02-28,2026-02-28,12:30,14:30,One Day Round 16: NBCCC OD3 vs WSCC One Day 3's,Charles Riley Memorial 1 - Lower,NBCCC OD3,true,true,false,false,false,
One Day Grade 4 WSCC One Day 4's vs FMPCC Pirates 7th XI,2026-02-28,2026-02-28,12:30,14:30,One Day Round 16: WSCC One Day 4's vs FMPCC Pirates 7th XI,David Cruikshank Reserve,WSCC One Day 4's,true,true,false,false,false,
One Day Grade 5 Black MUMCC 6th XI vs WSCC One Day 5's,2026-02-28,2026-02-28,12:30,14:30,One Day Round 16: MUMCC 6th XI vs WSCC One Day 5's,Tompkins South East,MUMCC 6th XI,true,true,false,false,false,
One Day Grade 1 WSCC One Day 1's vs FMPCC Pirates 3rd XI,2026-03-07,2026-03-07,12:30,14:30,One Day Round 17: WSCC One Day 1's vs FMPCC Pirates 3rd XI,College Park Lower - Synthetic,WSCC One Day 1's,true,true,false,false,false,
One Day Grade 2 High Wycombe 4th XI (OD2) vs Hola Health WSCC One Day 2's,2026-03-07,2026-03-07,12:30,14:30,One Day Round 17: High Wycombe 4th XI (OD2) vs Hola Health WSCC One Day 2's,Scott Reserve 2 (Synthetic),High Wycombe 4th XI (OD2),true,true,false,false,false,
One Day Grade 3 SPSTCC 5th XI vs WSCC One Day 3's,2026-03-07,2026-03-07,12:30,14:30,One Day Round 17: SPSTCC 5th XI vs WSCC One Day 3's,Challenger Reserve,SPSTCC 5th XI,true,true,false,false,false,
One Day Grade 4 WSCC One Day 4's vs Applecross 6th XI,2026-03-07,2026-03-07,12:30,14:30,One Day Round 17: WSCC One Day 4's vs Applecross 6th XI,David Cruikshank Reserve,WSCC One Day 4's,true,true,false,false,false,
One Day Grade 5 Black WSCC One Day 5's vs LSR SMCC 5th XI,2026-03-07,2026-03-07,12:30,14:30,One Day Round 17: WSCC One Day 5's vs LSR SMCC 5th XI,Rosalie Park Synthetic (North Oval),WSCC One Day 5's,true,true,false,false,false,
2nd Grade Hola Health WSCC 1st XI vs FMPCC Pirates 1st XI,2026-03-14,2026-03-14,12:30,14:30,One Day Round 14: Hola Health WSCC 1st XI vs FMPCC Pirates 1st XI,College Park West - Turf,Hola Health WSCC 1st XI,true,true,false,false,false,
4th Grade FMPCC Pirates 2nd XI vs Kreative Property WSCC 2nd XI,2026-03-14,2026-03-14,12:30,14:30,One Day Round 13: FMPCC Pirates 2nd XI vs Kreative Property WSCC 2nd XI,Gil Fraser - Turf,FMPCC Pirates 2nd XI,true,true,false,false,false,
5th Grade Prestige Liquor WSCC 3rd XI vs NBCCC 3rd XI - Knight Financial Advisors,2026-03-14,2026-03-14,12:30,14:30,One Day Round 13: Prestige Liquor WSCC 3rd XI vs NBCCC 3rd XI - Knight Financial Advisors,Rosalie Park Turf (South Oval),Prestige Liquor WSCC 3rd XI,true,true,false,false,false,
7th Grade Applecross 5th XI vs Canaccord Genuity WSCC 4th XI,2026-03-14,2026-03-14,12:30,14:30,One Day Round 13: Applecross 5th XI vs Canaccord Genuity WSCC 4th XI,Winthrop Park,Applecross 5th XI,true,true,false,false,false,
One Day Grade 1 LSR SMCC One Day Ones vs WSCC One Day 1's,2026-03-14,2026-03-14,12:30,14:30,One Day Round 18: LSR SMCC One Day Ones vs WSCC One Day 1's,A.S Luketina Reserve,LSR SMCC One Day Ones,true,true,false,false,false,
One Day Grade 2 Hola Health WSCC One Day 2's vs Applecross 7th XI,2026-03-14,2026-03-14,12:30,14:30,One Day Round 18: Hola Health WSCC One Day 2's vs Applecross 7th XI,College Park Lower - Synthetic,Hola Health WSCC One Day 2's,true,true,false,false,false,
One Day Grade 3 WSCC One Day 3's vs MUMCC 4th XI,2026-03-14,2026-03-14,12:30,14:30,One Day Round 18: WSCC One Day 3's vs MUMCC 4th XI,Rosalie Park Synthetic (North Oval),WSCC One Day 3's,true,true,false,false,false,
One Day Grade 4 WSCC One Day 4's vs Balcatta Cats 5th XI,2026-03-14,2026-03-14,12:30,14:30,One Day Round 18: WSCC One Day 4's vs Balcatta Cats 5th XI,David Cruikshank Reserve,WSCC One Day 4's,true,true,false,false,false,
One Day Grade 5 Black Applecross 8th XI vs WSCC One Day 5's,2026-03-14,2026-03-14,12:30,14:30,One Day Round 18: Applecross 8th XI vs WSCC One Day 5's,Fremantle Park North,Applecross 8th XI,true,true,false,false,false,
